DriverID,StartLat,StartLong
1,41.88968,-87.61879
2,41.87091,-87.62708
3,41.9679,-87.66681